Branch,Installation,City/Area,State/Country,Latitude,Longitude,Combatant Command,Major Command,Primary Combat Units,Approx Personnel,Aircraft / Major Combat Systems,Notes
Army,Fort Liberty (formerly Fort Bragg),Fayetteville,North Carolina,35.139044,-78.999123,NORTHCOM / SOCOM,FORSCOM / USASOC,XVIII Airborne Corps; 82nd Airborne Division; USASOC; JSOC; 3rd SFG,"~54,000",AH-64E Apache; UH-60M; CH-47F; MH-60/MH-47 (160th SOAR det.); M119A3,Largest US military installation by population.
Army,Fort Campbell,Fort Campbell (Hopkinsville / Clarksville),Kentucky / Tennessee,36.654817,-87.478958,NORTHCOM / SOCOM,FORSCOM / USASOC,101st Airborne Division (Air Assault); 160th SOAR; 5th SFG,"~30,000",UH-60M; CH-47F; AH-64E; MH-60M; MH-47G; MQ-1C,Only air assault division in the Army.
Army,Fort Cavazos (formerly Fort Hood),Killeen,Texas,31.135242,-97.777412,NORTHCOM,FORSCOM,III Armored Corps; 1st Cavalry Division,"~36,000",M1A2 SEPv3 Abrams; M2A4 Bradley; M109A7 Paladin; AH-64E; UH-60M,Largest armored installation.
Army,Fort Stewart / Hunter AAF,Hinesville,Georgia,31.869092,-81.608750,NORTHCOM,FORSCOM,3rd Infantry Division; 3rd Combat Aviation Brigade,"~24,000",M1A2 Abrams; M2 Bradley; AH-64E; UH-60M; CH-47F,East Coast heavy division.
Army,Fort Bliss,El Paso,Texas,31.810556,-106.423056,NORTHCOM,FORSCOM,1st Armored Division; 32nd Army Air and Missile Defense Command,"~27,000",M1A2 Abrams; M2 Bradley; Patriot PAC-3; THAAD; AH-64E,Primary air and missile defense concentration.
Army,Fort Carson,Colorado Springs,Colorado,38.737467,-104.789128,NORTHCOM / SOCOM,FORSCOM / USASOC,4th Infantry Division; 10th Special Forces Group; 4th Security Force Assistance Brigade,"~26,000",M1A2 Abrams; M2 Bradley; Stryker; AH-64E; UH-60M,Mountain Post.
Army,Fort Riley,Junction City,Kansas,39.055278,-96.820278,NORTHCOM,FORSCOM,1st Infantry Division; Combat Aviation Brigade,"~18,000",M1A2 Abrams; M2 Bradley; AH-64E; UH-60M; CH-47F,The Big Red One.
Army,Fort Drum,Watertown,New York,44.053889,-75.765556,NORTHCOM,FORSCOM,10th Mountain Division; 10th Combat Aviation Brigade,"~19,000",UH-60M; CH-47F; AH-64E; M119A3,Most-deployed division of the post-9/11 era.
Army,Joint Base Lewis-McChord (Army),Tacoma,Washington,47.110556,-122.580833,INDOPACOM,FORSCOM / USASOC,I Corps; 7th Infantry Division; 1st Special Forces Group (Airborne); 2nd Bn 75th Ranger Regt; 1st MDTF,"~40,000 (joint base)",Stryker ICV; M777; AH-64E; UH-60M; CH-47F,I Corps is the Army's Indo-Pacific-oriented corps.
Army,Fort Moore (formerly Fort Benning),Columbus,Georgia,32.353611,-84.969444,NORTHCOM / SOCOM,TRADOC / USASOC,Maneuver Center of Excellence; 75th Ranger Regiment HQ; 3rd Bn 75th Ranger,"~35,000",M1A2 Abrams; M2 Bradley (training fleet),Infantry and Armor schools; Ranger School.
Army,Fort Sill,Lawton,Oklahoma,34.667778,-98.406944,NORTHCOM,TRADOC / FORSCOM,Fires Center of Excellence; 31st Air Defense Artillery Brigade,"~20,000",M109A7 Paladin; HIMARS; Patriot PAC-3; Avenger,Artillery and air defense training center.
Army,Fort Irwin,Barstow,California,35.262500,-116.683611,NORTHCOM,FORSCOM,National Training Center; 11th Armored Cavalry Regiment (OPFOR),"~9,000",M1A2 Abrams; surrogate OPFOR vehicles,Premier heavy maneuver training rotation site.
Army,Fort Johnson (formerly Fort Polk),Leesville,Louisiana,31.047500,-93.203333,NORTHCOM,FORSCOM,"Joint Readiness Training Center; 3rd BCT, 10th Mountain Division; 1-509th Inf (OPFOR)","~11,000",Light infantry training fleet; UH-60,Light and irregular warfare rotations.
Army,Fort Wainwright,Fairbanks,Alaska,64.825278,-147.640278,INDOPACOM / NORTHCOM,USARPAC,11th Airborne Division (1-11 IBCT); Alaska Combat Aviation Brigade,"~9,000",CATV (Beowulf) / light arctic vehicles; CH-47F; UH-60M; AH-64E,Arctic warfare focused division.
Army,Schofield Barracks,Wahiawa,Hawaii,21.492500,-158.064167,INDOPACOM,USARPAC,25th Infantry Division; 25th Combat Aviation Brigade,"~17,000",M119A3; UH-60M; CH-47F; AH-64E,Pacific light infantry division.
Army,Fort Shafter,Honolulu,Hawaii,21.346944,-157.886389,INDOPACOM,USARPAC,US Army Pacific HQ,"~4,000",Command element,Army component command for INDOPACOM.
Army,Fort Knox,Radcliff,Kentucky,37.904444,-85.956667,NORTHCOM,FORSCOM,1st Theater Sustainment Command; V Corps (Main),"~12,000",Sustainment and training fleet,V Corps headquarters (forward element in Poland).
Army,Fort Eisenhower (formerly Fort Gordon),Augusta,Georgia,33.419444,-82.160556,CYBERCOM,ARCYBER,US Army Cyber Command; NSA Georgia,"~19,000",Cyber and signals intelligence,Army cyber operations hub.
Army,Fort Huachuca,Sierra Vista,Arizona,31.554444,-110.349722,NORTHCOM,INSCOM,US Army Intelligence Center; Network Enterprise Technology Command,"~11,000",MQ-1C Gray Eagle (training); ISR systems,Military intelligence training center.
Army,Fort Belvoir,Fort Belvoir,Virginia,38.718889,-77.154167,NORTHCOM,IMCOM / INSCOM,INSCOM HQ; Defense Intelligence Agency elements,"~40,000 (incl. civilians)",Intelligence and command support,Major national intelligence concentration.
Army,Fort Novosel (formerly Fort Rucker),Enterprise,Alabama,31.344444,-85.713056,NORTHCOM,TRADOC,US Army Aviation Center of Excellence,"~14,000",UH-60; AH-64E; CH-47F; UH-72 Lakota; TH-67,All Army aviator training.
Army,Fort Bliss / Biggs AAF,El Paso,Texas,31.849722,-106.379722,NORTHCOM,FORSCOM,"Combat Aviation Brigade, 1st Armored Division",see Fort Bliss,AH-64E; UH-60M; CH-47F,Aviation component of Fort Bliss.
Army,Fort Leonard Wood,Waynesville,Missouri,37.741667,-92.116667,NORTHCOM,TRADOC,Maneuver Support Center of Excellence,"~14,000","Engineer, CBRN, and MP training",Combat support branch training.
Army,Fort Cavazos (West Fort Cavazos airfield/UAS complex),Killeen,Texas,31.148889,-97.830278,NORTHCOM,FORSCOM,Aviation and UAS units,see Fort Cavazos,MQ-1C Gray Eagle; AH-64E,Unmanned aircraft and aviation operations.
Army,Fort Greely,Delta Junction,Alaska,63.971667,-145.727500,NORTHCOM,MDA / SMDC,49th Missile Defense Battalion,~600,Ground-Based Interceptors (GMD),Primary homeland ballistic missile defense interceptor field.
Army,White Sands Missile Range,Las Cruces,New Mexico,32.383333,-106.478611,NORTHCOM,ATEC,Army Test and Evaluation Command,"~9,000",Missile and munitions test ranges,Largest overland test range in the US.
Army,Redstone Arsenal,Huntsville,Alabama,34.683333,-86.650000,NORTHCOM / SPACECOM,AMC / SMDC,Army Materiel Command; Space and Missile Defense Command; MDA,"~40,000 (incl. civilians)",Missile development and program management,Army missile and space enterprise hub.
Army,Fort Buchanan,Guaynabo,Puerto Rico,18.397222,-66.126389,SOUTHCOM,USARSO,Army Reserve and support units,"~1,500",Support units,Caribbean Army presence.
Army,Camp Humphreys,Pyeongtaek,South Korea,36.963889,127.031389,INDOPACOM,USFK / Eighth Army,Eighth Army HQ; 2nd Infantry Division / ROK-US Combined Division; 2nd CAB,"~28,000+",AH-64E Apache; UH-60M; CH-47F; M1A2 Abrams; M109A7; MLRS,Largest US overseas installation.
Army,Camp Casey / Camp Hovey,Dongducheon,South Korea,37.925556,127.072222,INDOPACOM,Eighth Army,Rotational Armored Brigade Combat Team,"~6,000",M1A2 Abrams; M2 Bradley; M109A7,Northernmost major US ground presence in Korea.
Army,Camp Carroll / Camp Walker,Daegu,South Korea,35.845833,128.591667,INDOPACOM,Eighth Army,19th Expeditionary Sustainment Command,"~5,000",Sustainment and prepositioned stocks,Southern Korea logistics hub.
Army,Osan / Suwon (Patriot sites),Gyeonggi,South Korea,37.090556,127.030556,INDOPACOM,Eighth Army,35th Air Defense Artillery Brigade,"~1,500",Patriot PAC-3,Air and missile defense of the peninsula.
Army,Camp Zama,Zama,Japan,35.500278,139.395833,INDOPACOM,USARPAC,US Army Japan HQ; I Corps (Forward),"~2,500",Command element,Army component headquarters in Japan.
Army,Torii Station,Yomitan,Japan (Okinawa),26.372222,127.738889,INDOPACOM / SOCOM,USASOC,1st Special Forces Group (1st Battalion); 10th Support Group,"~2,000",Special operations,Only forward-based Green Beret battalion in the Pacific.
Army,Sagami General Depot / Yokohama North Dock,Kanagawa,Japan,35.580278,139.380278,INDOPACOM,USARPAC,Logistics support; watercraft units,"~1,000",Army watercraft; prepositioned stocks,Theater sustainment in Japan.
Army,Grafenwoehr Training Area,Grafenwoehr,Germany,49.716667,11.900000,EUCOM,USAREUR-AF,7th Army Training Command; rotational ABCT,"~8,000",M1A2 Abrams; M2 Bradley; M109A7 (rotational and APS-2),Largest US training area in Europe.
Army,Rose Barracks Vilseck,Vilseck,Germany,49.630000,11.800000,EUCOM,USAREUR-AF,2nd Cavalry Regiment,"~5,000",Stryker ICV; M777,Only permanently forward-stationed US brigade-size maneuver unit in Europe.
Army,Clay Kaserne Wiesbaden,Wiesbaden,Germany,50.049722,8.325278,EUCOM,USAREUR-AF,US Army Europe and Africa HQ; 5th Signal Command; Security Assistance Group-Ukraine,"~5,000",Command and control,Army component headquarters for Europe and Africa.
Army,Baumholder,Baumholder,Germany,49.616667,7.300000,EUCOM,USAREUR-AF,16th Sustainment Brigade; 41st Field Artillery Brigade elements,"~4,000",M270 MLRS; sustainment units,Long-range fires and sustainment.
Army,Katterbach / Illesheim (Ansbach),Ansbach,Germany,49.310556,10.638056,EUCOM,USAREUR-AF,12th Combat Aviation Brigade,"~5,000",AH-64E Apache; UH-60M; CH-47F,Only permanent Army aviation brigade in Europe.
Army,Hohenfels Training Area,Hohenfels,Germany,49.200000,11.850000,EUCOM,USAREUR-AF,Joint Multinational Readiness Center,"~3,000",Maneuver training fleet,NATO combined arms rotations.
Army,Caserma Ederle / Del Din,Vicenza,Italy,45.541111,11.570556,EUCOM / AFRICOM,USAREUR-AF,173rd Airborne Brigade; US Army Africa (SETAF-AF),"~5,000",M119A3; airborne infantry,Only forward-stationed US airborne brigade.
Army,Camp Darby,Livorno,Italy,43.642778,10.344444,EUCOM,USAREUR-AF,Army Prepositioned Stocks-2,"~1,000",Prepositioned equipment,Mediterranean equipment set.
Army,Camp Kosciuszko,Poznan,Poland,52.427778,16.897222,EUCOM,USAREUR-AF,V Corps Forward Command Post,"~1,000",Command element,First permanent US garrison in Poland.
Army,Powidz / Camp Kosciuszko complex,Powidz,Poland,52.379444,17.852500,EUCOM,USAREUR-AF,Army Prepositioned Stocks-2 site; rotational aviation,"~1,500",AH-64E; UH-60M; prepositioned armor,Eastern flank equipment and aviation hub.
Army,Mihail Kogalniceanu Air Base,Constanta,Romania,44.362222,28.488333,EUCOM,USAREUR-AF,Rotational battalion task forces; aviation,"~3,000",AH-64E; rotational armor; MQ-9A,Black Sea flank hub; expanding significantly.
Army,Camp Bondsteel,Ferizaj,Kosovo,42.366667,21.250000,EUCOM,USAREUR-AF,KFOR Regional Command East,~600,Light infantry,NATO peacekeeping mission.
Army,Camp Arifjan,Kuwait City,Kuwait,28.875000,48.163889,CENTCOM,ARCENT,US Army Central forward HQ; 1st TSC (Forward),"~9,000",Army Prepositioned Stocks-5; Patriot; sustainment,Main CENTCOM Army logistics hub.
Army,Camp Buehring,Udairi,Kuwait,29.695833,47.426389,CENTCOM,ARCENT,Rotational armored brigade elements,"~5,000",M1A2 Abrams; M2 Bradley; M109A7,Forward training and staging base.
Army,Camp As Sayliyah,Doha,Qatar,25.263889,51.419444,CENTCOM,ARCENT,Army Prepositioned Stocks-5 site,"~1,000",Prepositioned armor and equipment,Regional equipment set.
Army,Al Asad Air Base,Al Anbar,Iraq,33.785556,42.441111,CENTCOM,CJTF-OIR,Advise and assist elements,"~1,000 (drawing down)",Patriot/C-RAM; rotary wing,Presence being reduced under 2024 US-Iraq agreement.
Army,Erbil Air Base,Erbil,Iraq,36.237222,43.998333,CENTCOM,CJTF-OIR,Advise and assist elements,"~500-1,000",C-RAM; rotary wing; ISR,Kurdistan Region coalition hub.
Army,Al Tanf Garrison,Homs Governorate,Syria,33.483333,38.683333,CENTCOM,CJTF-OIR,Special operations task force,~200,HIMARS; light vehicles,Controls key border crossing.
Army,Mission Support Site Euphrates / Green Village,Deir ez-Zor,Syria,35.083333,40.500000,CENTCOM,CJTF-OIR,Counter-ISIS task force,~500 total in Syria,Light infantry; ISR,US presence in Syria significantly reduced since 2025.
Army,Patch Barracks (USAG Stuttgart),Stuttgart,Germany,48.714444,9.078611,EUCOM,USAREUR-AF / IMCOM,USEUCOM HQ; Special Operations Command Europe (SOCEUR),"~4,000",Joint Theater Command and Control Systems,Headquarters of United States European Command (USEUCOM).
Army,Kelley Barracks (USAG Stuttgart),Stuttgart,Germany,48.724722,9.183889,AFRICOM,USAREUR-AF / IMCOM,USAFRICOM HQ; Special Operations Command Africa (SOCAFRICA),"~3,000",Joint Theater Command and Control Systems,Headquarters of United States Africa Command (USAFRICOM).
Army,USAG Miami (SOUTHCOM HQ),Doral,Florida,25.808056,-80.347500,SOUTHCOM,USARSO / IMCOM,USSOUTHCOM HQ; Special Operations Command South (SOCSOUTH),"~1,800",Joint Theater Command and Control Systems,Headquarters of United States Southern Command (USSOUTHCOM).
Army,Fort George G. Meade,Fort Meade,Maryland,39.108611,-76.741667,CYBERCOM / NORTHCOM,ARCYBER / IMCOM,US Cyber Command HQ; NSA/CSS; DISA; Defense Courier Service; 70th ISR Wing,"~60,000 (incl. civilians)",National Cyber and Cryptologic Operations Infrastructure,Nation's premier cryptologic and cyber operations hub; largest DoD workforce in Maryland.
Army,Joint Base San Antonio - Fort Sam Houston,San Antonio,Texas,29.458333,-98.441667,NORTHCOM / SOUTHCOM,ARNORTH / ARSOUTH / MEDCOM,US Army North (Fifth Army); US Army South (Sixth Army); Medical Center of Excellence; BAMC,"~36,000",Brooke Army Medical Center; theater defense C2,Army lead component of JBSA; DoD's premier military medical training and trauma center.
Army,Joint Base Langley-Eustis (Fort Eustis),Newport News,Virginia,37.155556,-76.577778,NORTHCOM,TRADOC / FORSCOM,US Army Training and Doctrine Command (TRADOC) HQ; 7th Transportation Brigade (Expeditionary),"~18,000","Army watercraft fleet (LSVs, LCUs); helicopter maintenance training","Army component of JBLE; doctrine development, logistics, and army maritime operations."
Army,Fort Leavenworth,Leavenworth,Kansas,39.355556,-94.922222,NORTHCOM,TRADOC,Combined Arms Center; Command and General Staff College; Mission Command CoE; US Disciplinary Barracks,"~10,000",Leader education and doctrine development facilities,The intellectual center of the US Army; educates mid-grade officers across all services.
Army,Fort Jackson,Columbia,South Carolina,34.043889,-80.938889,NORTHCOM,TRADOC,US Army Training Center; Soldier Support Institute; US Army Chaplain Center and School,"~20,000",Initial Entry Training (IET) infrastructure,"Largest Basic Combat Training installation in the US Army, training ~50% of entering soldiers."
Army,Fort Gregg-Adams,Prince George County,Virginia,37.240556,-77.340278,NORTHCOM,TRADOC / AMC,Combined Arms Support Command (CASCOM); Army Logistics University; DeCA HQ,"~30,000",Sustainment and logistics training systems,"Formerly Fort Lee (renamed April 2023); center of excellence for Quartermaster, Ordnance, and Transportation branches."
Army,Fort Walker,Bowling Green,Virginia,38.166667,-77.333333,NORTHCOM,IMCOM,Regional Collective Training Center; Northern Virginia training range complex,"~1,000",Live-fire maneuver ranges; explosive ordnance and asymmetric warfare ranges,Formerly Fort A.P. Hill (renamed August 2023); premier regional maneuver and weapons training center.
Army,Fort Barfoot,Blackstone,Virginia,37.098889,-77.962222,NORTHCOM,ARNG,Army National Guard Maneuver Training Center; Foreign Affairs Security Training Center (FASTC),"~1,200",Multi-purpose range complexes; live-fire shoot houses; mock airfields,Formerly Fort Pickett (renamed March 2023); premier National Guard maneuver training center.
Army,Aberdeen Proving Ground,Aberdeen,Maryland,39.466667,-76.133333,NORTHCOM,AFC / AMC,Communications-Electronics Command (CECOM); DEVCOM; Army Test and Evaluation Command (ATEC),"~21,000",Ordnance and electronics test ranges; chemical biological defense laboratories,"Oldest active Army proving ground; primary research, development, and test center for tactical gear."
Army,Carlisle Barracks,Carlisle,Pennsylvania,40.211111,-77.177778,NORTHCOM,TRADOC,US Army War College; Peacekeeping and Stability Operations Institute; Strategic Studies Institute,"~2,000",Senior leader strategic wargaming and education facilities,Premier senior military educational institution for theater-level strategy and national security.
Army,West Point (US Military Academy),West Point,New York,41.391667,-73.958333,NORTHCOM,HQDA,United States Military Academy; USMA Brigade of Cadets,"~7,500","Cadet academic, tactical, and live-fire training infrastructure",Oldest continuously occupied US military post (est. 1778); cradle of the Army officer corps.
Army,Fort Detrick,Frederick,Maryland,39.435278,-77.428611,NORTHCOM,USAMRDC / IMCOM,US Army Medical Research and Development Command; USAMRIID; National Interagency Biodefense Campus,"~10,000",BSL-4 biocontainment laboratories; medical countermeasures development,Nation's premier biodefense and medical countermeasure research installation.
Air Force,Joint Base Langley-Eustis,Hampton,Virginia,37.082778,-76.360556,NORTHCOM,ACC,1st Fighter Wing; 192nd Wing (ANG assoc.),"~14,000",F-22A Raptor,ACC headquarters is here.
Air Force,Seymour Johnson AFB,Goldsboro,North Carolina,35.339444,-77.960556,NORTHCOM,ACC,4th Fighter Wing; 916th ARW (AFRC),"~5,600",F-15E Strike Eagle; KC-46A,"Lead East Coast operational F-15E strike wing and formal training unit (333rd/334th FS); Mountain Home AFB, ID is the other stateside operational F-15E wing."
Air Force,Shaw AFB,Sumter,South Carolina,33.974722,-80.470556,NORTHCOM / CENTCOM,ACC,20th Fighter Wing; USARCENT HQ,"~5,400",F-16CM Fighting Falcon,"Hosts 3rd Army/ARCENT, CENTCOM's Army component."
Air Force,Moody AFB,Valdosta,Georgia,30.968611,-83.193056,NORTHCOM,ACC,23rd Wing; 347th Rescue Group,"~5,500",A-10C Thunderbolt II; HH-60W Jolly Green II; HC-130J,Primary CSAR hub.
Air Force,Nellis AFB,Las Vegas,Nevada,36.236111,-115.034167,NORTHCOM,ACC,57th Wing; USAF Warfare Center; 53rd Wing det.,"~9,500",F-15E; F-16C; F-22A; F-35A; A-10C; adversary F-16,Red Flag and USAF Weapons School.
Air Force,Luke AFB,Glendale,Arizona,33.535000,-112.383056,NORTHCOM,AETC,56th Fighter Wing,"~7,000",F-35A Lightning II; F-16C (partner nations),Largest F-35A training base.
Air Force,Davis-Monthan AFB,Tucson,Arizona,32.166944,-110.883056,NORTHCOM,ACC,355th Wing; 924th Fighter Group (AFRC),"~7,500",A-10C; HH-60G/W; EC-130H (divesting),A-10 fleet drawing down; AMARG boneyard co-located.
Air Force,Hill AFB,Ogden,Utah,41.123889,-111.973056,NORTHCOM,AFMC / ACC,388th Fighter Wing; 419th Fighter Wing (AFRC),"~5,600 mil",F-35A Lightning II,First operational F-35A wing.
Air Force,Eielson AFB,Fairbanks,Alaska,64.665556,-147.101389,INDOPACOM,PACAF,354th Fighter Wing; 168th Wing (ANG),"~3,000",F-35A; KC-135R; adversary F-16,Two F-35A squadrons oriented on the Pacific/Arctic.
Air Force,Joint Base Elmendorf-Richardson,Anchorage,Alaska,61.250833,-149.806944,INDOPACOM / NORTHCOM,PACAF / USARPAC,3rd Wing; 176th Wing (ANG); 11th Airborne Division (2-11 IBCT-A),"~12,000 mil",F-22A; C-17A; E-3G; HH-60G; HC-130J,Alaskan Command and 11th AF headquarters.
Air Force,Mountain Home AFB,Mountain Home,Idaho,43.048333,-115.872222,NORTHCOM,ACC,366th Fighter Wing,"~4,000",F-15E Strike Eagle,Gunfighter range complex.
Air Force,Holloman AFB,Alamogordo,New Mexico,32.852222,-106.106389,NORTHCOM,AETC / ACC,49th Wing,"~4,500",F-16C (training); MQ-9A Reaper,Primary MQ-9 formal training unit.
Air Force,Eglin AFB,Valparaiso,Florida,30.483333,-86.525556,NORTHCOM,AFMC / AETC,96th Test Wing; 33rd Fighter Wing; 7th Special Forces Group (Army),"~13,000",F-35A/B/C; F-15; F-22; weapons test fleet,Largest USAF installation by land area.
Air Force,Tyndall AFB,Panama City,Florida,30.070000,-85.575000,NORTHCOM,ACC,325th Fighter Wing,"~3,500",F-35A (bedding down),Rebuilt after Hurricane Michael; F-35A wing standing up.
Air Force,Kunsan Air Base,Gunsan,South Korea,35.926111,126.615833,INDOPACOM,PACAF,8th Fighter Wing,"~2,800",F-16C/CM Block 40,Wolf Pack; no accompanied tours.
Air Force,Osan Air Base,Pyeongtaek,South Korea,37.090556,127.030556,INDOPACOM,PACAF,51st Fighter Wing; 7th Air Force HQ,"~7,500",F-16C/CM; A-10C (divesting),Closest US fighter base to the DMZ.
Air Force,Kadena Air Base,Okinawa,Japan,26.355556,127.767500,INDOPACOM,PACAF,18th Wing,"~7,000 mil",Rotational F-15EX/F-22A/F-35A; KC-135R; E-3G; HH-60W,Largest US combat air base in the Pacific; F-15C/D retired.
Air Force,Misawa Air Base,Misawa,Japan,40.703333,141.368333,INDOPACOM,PACAF,35th Fighter Wing,"~4,500",F-16CM (SEAD/Wild Weasel),Only forward-based SEAD F-16 wing.
Air Force,RAF Lakenheath,Suffolk,United Kingdom,52.409444,0.560833,EUCOM,USAFE-AFAFRICA,48th Fighter Wing,"~5,000",F-15E Strike Eagle; F-35A Lightning II,Only USAF fighter wing in the UK.
Air Force,Spangdahlem Air Base,Spangdahlem,Germany,49.975000,6.691944,EUCOM,USAFE-AFAFRICA,52nd Fighter Wing,"~4,500",F-16CM (SEAD),Supports NATO air policing.
Air Force,Aviano Air Base,Aviano,Italy,46.031944,12.596389,EUCOM,USAFE-AFAFRICA,31st Fighter Wing,"~4,000",F-16CM Fighting Falcon,Only US fighter wing in southern Europe.
Air Force,Whiteman AFB,Knob Noster,Missouri,38.730278,-93.547778,NORTHCOM / STRATCOM,AFGSC,509th Bomb Wing; 131st BW (ANG); 442nd Fighter Wing (AFRC),"~4,000",B-2A Spirit; A-10C,Only operational B-2 base.
Air Force,Minot AFB,Minot,North Dakota,48.415556,-101.358056,STRATCOM,AFGSC,5th Bomb Wing; 91st Missile Wing,"~5,500",B-52H Stratofortress; LGM-30G Minuteman III (150 silos); UH-1N,Only base with two legs of the nuclear triad.
Air Force,Barksdale AFB,Bossier City,Louisiana,32.501944,-93.662778,STRATCOM,AFGSC,2nd Bomb Wing; 307th BW (AFRC); Eighth Air Force,"~8,000",B-52H Stratofortress,Air Force Global Strike Command headquarters.
Air Force,Dyess AFB,Abilene,Texas,32.420833,-99.849722,STRATCOM / TRANSCOM,AFGSC / AMC,7th Bomb Wing; 317th Airlift Wing,"~5,000",B-1B Lancer; C-130J Super Hercules,B-21 Raider planned follow-on base.
Air Force,Ellsworth AFB,Rapid City,South Dakota,44.145000,-103.103611,STRATCOM,AFGSC,28th Bomb Wing,"~3,700",B-1B Lancer,Designated first B-21 Raider main operating base.
Air Force,F.E. Warren AFB,Cheyenne,Wyoming,41.145556,-104.866944,STRATCOM,AFGSC,90th Missile Wing,"~3,600",LGM-30G Minuteman III (150 silos); UH-1N / MH-139A,Twentieth Air Force headquarters.
Air Force,Malmstrom AFB,Great Falls,Montana,47.505556,-111.183056,STRATCOM,AFGSC,341st Missile Wing,"~3,400",LGM-30G Minuteman III (150 silos); UH-1N / MH-139A,Largest missile complex by area.
Air Force,Kirtland AFB,Albuquerque,New Mexico,35.040278,-106.609167,NORTHCOM,AFGSC / AFMC,377th Air Base Wing; 58th Special Operations Wing,"~23,000",HH-60G/W; CV-22B; HC-130J (training),Nuclear weapons storage and sustainment center.
Air Force,Hurlburt Field,Mary Esther,Florida,30.428611,-86.689444,SOCOM,AFSOC,1st Special Operations Wing; AFSOC HQ,"~8,000",AC-130J Ghostrider; MC-130J; U-28A; MQ-9A,Air Force Special Operations Command headquarters.
Air Force,Cannon AFB,Clovis,New Mexico,34.382778,-103.322222,SOCOM,AFSOC,27th Special Operations Wing,"~5,000",AC-130J; MC-130J; CV-22B Osprey; U-28A; MQ-9A,Second AFSOC power-projection wing.
Air Force,RAF Mildenhall,Suffolk,United Kingdom,52.361944,0.486389,EUCOM / SOCOM,USAFE / AFSOC,100th Air Refueling Wing; 352nd Special Operations Wing,"~4,000",KC-135R; CV-22B; MC-130J,Only permanent USAF tanker wing in Europe.
Air Force,Offutt AFB,Bellevue,Nebraska,41.117778,-95.912778,STRATCOM,ACC,55th Wing; USSTRATCOM HQ,"~10,000",RC-135V/W Rivet Joint; RC-135S Cobra Ball; RC-135U; E-4B NAOC; TC-135,Nation's strategic ISR and nuclear C2 hub.
Air Force,Beale AFB,Marysville,California,39.136111,-121.436667,NORTHCOM,ACC,9th Reconnaissance Wing; 940th ARW (AFRC),"~4,000",U-2S Dragon Lady; T-38A; KC-135R; RQ-4 (divesting),High-altitude ISR center.
Air Force,Creech AFB,Indian Springs,Nevada,36.583889,-115.672500,NORTHCOM,ACC,432nd Wing / 432nd Air Expeditionary Wing,"~4,000",MQ-9A Reaper,Global remotely piloted aircraft operations hub.
Air Force,Tinker AFB,Oklahoma City,Oklahoma,35.414722,-97.386389,NORTHCOM / STRATCOM,ACC / AFMC / Navy,552nd Air Control Wing; Strategic Communications Wing One (Navy),"~26,000",E-3G Sentry AWACS; E-6B Mercury; E-7A (planned),Airborne early warning and nuclear TACAMO command post fleet.
Air Force,Robins AFB,Warner Robins,Georgia,32.613056,-83.591944,NORTHCOM,AFMC / ACC,461st Air Control Wing; 116th ACW (ANG),"~21,000",E-11A BACN; JSTARS divested 2023,Battlefield airborne communications node mission.
Air Force,Grand Forks AFB,Grand Forks,North Dakota,47.961111,-97.401111,NORTHCOM,ACC,319th Reconnaissance Wing,"~2,000",RQ-4 Global Hawk (divesting); MQ-4C support,Transitioning toward ISR enterprise support.
Air Force,Travis AFB,Fairfield,California,38.262778,-121.927222,TRANSCOM,AMC,60th Air Mobility Wing; 349th AMW (AFRC),"~14,000",C-5M Super Galaxy; C-17A; KC-46A Pegasus,Largest airlift/tanker hub on the West Coast.
Air Force,Dover AFB,Dover,Delaware,39.129444,-75.466111,TRANSCOM,AMC,436th Airlift Wing; 512th AW (AFRC),"~7,000",C-5M Super Galaxy; C-17A Globemaster III,Primary strategic airlift port on the East Coast.
Air Force,Joint Base Charleston,Charleston,South Carolina,32.898611,-80.040556,TRANSCOM,AMC,437th Airlift Wing; 315th AW (AFRC),"~22,000",C-17A Globemaster III,Major C-17 power-projection base.
Air Force,Joint Base Lewis-McChord (McChord Field),Tacoma,Washington,47.137778,-122.476389,TRANSCOM / INDOPACOM,AMC,62nd Airlift Wing; 446th AW (AFRC),"~40,000 (joint base)",C-17A Globemaster III,Co-located with I Corps and 7th Infantry Division.
Air Force,McConnell AFB,Wichita,Kansas,37.625833,-97.269444,TRANSCOM,AMC,22nd Air Refueling Wing; 931st ARW (AFRC),"~5,000",KC-46A Pegasus; KC-135R,Lead KC-46A operating base.
Air Force,Fairchild AFB,Spokane,Washington,47.615000,-117.655833,TRANSCOM,AMC,92nd Air Refueling Wing; 141st ARW (ANG),"~5,000",KC-135R Stratotanker,Largest KC-135 base; SERE school.
Air Force,MacDill AFB,Tampa,Florida,27.849444,-82.521111,CENTCOM / SOCOM,AMC,6th Air Refueling Wing; USCENTCOM HQ; USSOCOM HQ,"~15,000",KC-135R Stratotanker,Two combatant command headquarters.
Air Force,Scott AFB,Belleville,Illinois,38.545278,-89.835278,TRANSCOM,AMC,375th Air Mobility Wing; USTRANSCOM HQ; AMC HQ,"~13,000",C-40C; KC-135R (ANG assoc.),Global mobility command and control.
Air Force,Little Rock AFB,Jacksonville,Arkansas,34.916944,-92.149722,TRANSCOM,AMC,19th Airlift Wing; 314th AW,"~6,000",C-130J Super Hercules,Center of excellence for C-130 operations.
Air Force,Joint Base McGuire-Dix-Lakehurst,Wrightstown,New Jersey,40.033056,-74.593611,TRANSCOM,AMC,87th ABW; 305th AMW; 108th Wing (ANG),"~40,000 (joint base)",KC-46A; C-17A; KC-135R,Only tri-service joint base.
Air Force,Joint Base Andrews,Camp Springs,Maryland,38.810833,-76.866944,NORTHCOM,AMC / ACC,89th Airlift Wing; 113th Wing (ANG); 316th Wing,"~17,000",VC-25A/B; C-32A; C-40; F-16C; UH-1N,Presidential airlift and National Capital Region air defense.
Air Force,Ramstein Air Base,Ramstein,Germany,49.436944,7.600278,EUCOM / AFRICOM,USAFE-AFAFRICA,86th Airlift Wing; USAFE-AFAFRICA HQ; 603rd AOC,"~9,000 mil",C-130J Super Hercules; C-40; C-21,Air component HQ for Europe and Africa.
Air Force,Yokota Air Base,Fussa,Japan,35.748611,139.348611,INDOPACOM,PACAF,374th Airlift Wing; USFJ HQ; 5th Air Force HQ,"~5,000 mil",C-130J Super Hercules; CV-22B Osprey; C-12J,US Forces Japan headquarters.
Air Force,Andersen AFB,Yigo,Guam,13.583889,144.924444,INDOPACOM,PACAF,36th Wing,"~4,500",Bomber Task Force rotations (B-52H/B-1B/B-2A); MQ-4C (Navy),Key Second Island Chain power-projection base.
Air Force,Joint Base Pearl Harbor-Hickam,Honolulu,Hawaii,21.318611,-157.949722,INDOPACOM,PACAF / Navy,15th Wing; 154th Wing (ANG); PACAF HQ; Pacific Fleet HQ,"~28,000 (joint base)",F-22A; C-17A; KC-135R; HH-60,Pacific Air Forces and Pacific Fleet headquarters.
Air Force,Altus AFB,Altus,Oklahoma,34.666944,-99.266944,NORTHCOM,AETC,97th Air Mobility Wing,"~3,000",C-17A; KC-46A; KC-135R (training),Mobility aircrew formal training.
Air Force,Edwards AFB,Edwards,California,34.905556,-117.883889,NORTHCOM,AFMC,412th Test Wing; USAF Test Pilot School,"~11,000",F-35; F-22; B-52; test fleet,Primary flight test center.
Air Force,Wright-Patterson AFB,Dayton,Ohio,39.826111,-84.048333,NORTHCOM,AFMC,88th ABW; NASIC; AFRL; 445th AW (AFRC),"~27,000",C-17A (AFRC),National Air and Space Intelligence Center.
Air Force,Al Udeid Air Base,Al Rayyan,Qatar,25.117222,51.315000,CENTCOM,AFCENT,379th Air Expeditionary Wing; Combined Air Operations Center,"~8,000",KC-135R; KC-46A; E-3G; RC-135; C-17A; rotational fighters,Main CENTCOM air hub and CAOC.
Air Force,Ali Al Salem Air Base,Al Jahra,Kuwait,29.346667,47.521111,CENTCOM,AFCENT,386th Air Expeditionary Wing,"~2,000",C-130J; rotational fighters; MQ-9A,Primary intra-theater airlift hub.
Air Force,Al Dhafra Air Base,Abu Dhabi,United Arab Emirates,24.248056,54.547778,CENTCOM,AFCENT,380th Air Expeditionary Wing,"~3,500",Rotational F-22A/F-35A; KC-135R; RQ-4; MQ-9A,Key ISR and air superiority node.
Air Force,Prince Sultan Air Base,Al Kharj,Saudi Arabia,24.062778,47.581111,CENTCOM,AFCENT,378th Air Expeditionary Wing,"~2,500",Rotational fighters; Patriot batteries (Army),Reactivated 2019.
Air Force,Muwaffaq Salti Air Base,Azraq,Jordan,31.835833,36.786944,CENTCOM,AFCENT,332nd Air Expeditionary Wing,"~1,500",Rotational F-16C/F-15E; MQ-9A,Levant strike and ISR node.
Air Force,Ahmad al-Jaber Air Base,Al Ahmadi,Kuwait,28.935833,47.791944,CENTCOM,AFCENT,Rotational expeditionary units,"<1,000",Rotational fighters; A-10C (historic),Supports Kuwait-based air operations.
Air Force,Chabelley Airfield,Chabelley,Djibouti,11.503611,43.061111,AFRICOM,AFAFRICA,Expeditionary RPA detachment,<500,MQ-9A Reaper,Primary East Africa armed ISR site.
Air Force,Lajes Field,Terceira,Portugal (Azores),38.761667,-27.090833,EUCOM,USAFE-AFAFRICA,65th Air Base Group,~500,Transient airlift and tanker support,Mid-Atlantic refueling stopover.
Air Force,Incirlik Air Base,Adana,Turkey,37.001944,35.425833,EUCOM,USAFE-AFAFRICA,39th Air Base Wing,"~1,500",Rotational tankers and airlift,Hosts US nuclear weapons storage vaults.
Air Force,RAF Fairford,Gloucestershire,United Kingdom,51.682222,-1.790000,EUCOM / STRATCOM,USAFE,420th Air Base Squadron,<200 permanent,Bomber Task Force rotations (B-52H/B-1B/B-2A); RC-135,Forward operating location for strategic bombers.
Air Force,Joint Base San Antonio - Lackland,San Antonio,Texas,29.384167,-98.618611,NORTHCOM / CYBERCOM,AETC / 16th AF,37th Training Wing; 16th Air Force (Air Forces Cyber); 502nd Air Base Wing; 688th Cyberspace Wing,"~37,000",Basic Military Training (BMT) facilities; Cyber Command operations centers,The 'Gateway to the Air Force'; sole location for all USAF enlisted basic training.
Air Force,Joint Base San Antonio - Randolph,Universal City,Texas,29.529722,-98.278889,NORTHCOM,AETC,Air Education and Training Command (AETC) HQ; 12th Flying Training Wing; Air Force Personnel Center,"~15,000",T-38C Talon; T-6A Texan II; T-1A Jayhawk,Headquarters of AETC; primary instructor pilot training and pilot training development base.
Air Force,Joint Base Anacostia-Bolling (JBAB),Washington,D.C.,38.843611,-77.016111,NORTHCOM,AFDW,11th Wing; Defense Intelligence Agency (DIA) HQ; White House Communications Agency; USAF Honor Guard,"~17,000",UH-1N (NCR airlift); C-12 Huron; defense intelligence facilities,"Air Force-led joint base supporting the National Capital Region, diplomatic and defense intelligence operations."
Air Force,Columbus AFB,Columbus,Mississippi,33.643889,-88.443889,NORTHCOM,AETC,14th Flying Training Wing,"~3,500",T-38C Talon; T-6A Texan II; T-1A Jayhawk,Specialized Undergraduate Pilot Training (SUPT) base producing over 400 combat pilots annually.
Air Force,Laughlin AFB,Del Rio,Texas,29.359444,-100.777778,NORTHCOM,AETC,47th Flying Training Wing,"~3,000",T-38C Talon; T-6A Texan II; T-1A Jayhawk,The largest specialized undergraduate pilot training base in the USAF by pilot production volume.
Air Force,Vance AFB,Enid,Oklahoma,36.339167,-97.916389,NORTHCOM,AETC,71st Flying Training Wing,"~2,700",T-38C Talon; T-6A Texan II; T-1A Jayhawk,Key Specialized Undergraduate Pilot Training base in the central flying training corridor.
Air Force,Sheppard AFB,Wichita Falls,Texas,33.988889,-98.491944,NORTHCOM,AETC,80th Flying Training Wing (ENJJPT); 82nd Training Wing,"~15,000",T-38C Talon; T-6A Texan II; aircraft maintenance training rigs,"Hosts Euro-NATO Joint Jet Pilot Training (ENJJPT), the world's only multi-nation pilot training program."
Air Force,Keesler AFB,Biloxi,Mississippi,30.410833,-88.923611,NORTHCOM,AETC / AFRC,81st Training Wing; 403rd Wing (AFRC),"~11,000",WC-130J Hercules (Hurricane Hunters); C-130J; technical cyber suites,"Premier technical training hub for cyber, electronics, and weather; home of the 53rd WRS Hurricane Hunters."
Air Force,Goodfellow AFB,San Angelo,Texas,31.433056,-100.398889,NORTHCOM,AETC,17th Training Wing,"~5,000","Cryptologic, SIGINT, and firefighting training simulation complexes","DoD joint intelligence, surveillance, reconnaissance (ISR), and military fire protection training center."
Air Force,Maxwell AFB / Gunter Annex,Montgomery,Alabama,32.383056,-86.366389,NORTHCOM,AETC,Air University; 42nd Air Base Wing; Curtis E. LeMay Center; Squadron Officer School,"~12,500",Professional military education institutes; cyber infrastructure,The intellectual and leadership development center of the Air Force; home to Air University and Air War College.
Air Force,Hanscom AFB,Bedford,Massachusetts,42.470000,-71.289167,NORTHCOM,AFMC,"66th Air Base Group; AFLCMC Command, Control, Communications, Intelligence and Networks (C3I&N)","~10,000","Battle management, cyber defense, and radar acquisition programs",Only active duty Air Force base in New England; lead acquisition center for DoD battle management networks.
Air Force,United States Air Force Academy,Colorado Springs,Colorado,38.998333,-104.861389,NORTHCOM,HQ USAF,Cadet Wing; 306th Flying Training Group,"~7,000",T-53A; TG-16A gliders; UV-18B Twin Otter; soaring and airmanship fleet,Undergraduate officer academy providing commissioned officers for both the Air Force and Space Force.
Space Force,Pituffik Space Base,Pituffik,Greenland,76.531111,-68.703333,NORTHCOM / SPACECOM,USSF,821st Space Base Group; 12th Space Warning Squadron,~150 US mil,Upgraded Early Warning Radar (missile warning),Northernmost US installation; formerly Thule AB.
Space Force,Peterson Space Force Base,Colorado Springs,Colorado,38.824722,-104.700278,NORTHCOM / SPACECOM,SpOC,USNORTHCOM HQ; NORAD HQ; USSPACECOM HQ; Space Base Delta 1,"~11,000",Missile warning and space domain awareness C2,Homeland defense command hub.
Space Force,Schriever Space Force Base,Colorado Springs,Colorado,38.803889,-104.525833,SPACECOM,SpOC,Space Delta 8; Space Delta 9; 2nd Space Operations Squadron,"~8,000",GPS constellation control; orbital warfare systems,Operates the GPS constellation.
Space Force,Buckley Space Force Base,Aurora,Colorado,39.701667,-104.751667,SPACECOM,SpOC,Space Base Delta 2; Space Delta 4; 140th Wing (ANG),"~12,000",SBIRS missile warning; F-16C (ANG),Primary overhead missile warning site.
Space Force,Vandenberg Space Force Base,Lompoc,California,34.732778,-120.568056,SPACECOM,SpOC / STRATCOM,Space Launch Delta 30; Combined Space Operations Center,"~7,000",Space launch; Minuteman III test launches,Western Range; ICBM operational test launches.
Space Force,Patrick Space Force Base,Cocoa Beach,Florida,28.235000,-80.610000,SPACECOM,SpOC,Space Launch Delta 45; 920th Rescue Wing (AFRC),"~10,000",HH-60G/W; HC-130J (AFRC rescue),Supports Eastern Range operations.
Space Force,Cape Canaveral Space Force Station,Cape Canaveral,Florida,28.488889,-80.577778,SPACECOM,SpOC,Space Launch Delta 45,"~2,000",National security space launch complexes,Primary Eastern Range launch site.
Space Force,Los Angeles Space Force Base,El Segundo,California,33.918056,-118.378611,SPACECOM,SSC,Space Systems Command,"~6,000",Space acquisition (no operational systems),Space acquisition headquarters.
Space Force,Clear Space Force Station,Anderson,Alaska,64.290556,-149.186667,NORTHCOM / SPACECOM,SpOC,13th Space Warning Squadron,~200,Long Range Discrimination Radar; UEWR,Missile warning and midcourse discrimination.
Space Force,Cavalier Space Force Station,Cavalier,North Dakota,48.724167,-97.900833,NORTHCOM / SPACECOM,SpOC,10th Space Warning Squadron,~100,Perimeter Acquisition Radar Attack Characterization System,Legacy PARCS missile warning radar.
Space Force,Kaena Point Space Force Station,Oahu,Hawaii,21.574444,-158.271389,INDOPACOM / SPACECOM,SpOC,"Detachment 3, Space Delta 6",<100,Satellite control network antennas,Pacific satellite command and control node.
Space Force,Ascension Auxiliary Airfield,Ascension Island,United Kingdom (South Atlantic),-7.969722,-14.393889,AFRICOM / SPACECOM,SpOC,"Detachment 2, Space Launch Delta 45",<100,Eastern Range tracking; airfield,South Atlantic range and diversion airfield.
Space Force,New Boston Space Force Station,New Boston,New Hampshire,42.946944,-71.628889,SPACECOM,SpOC,23rd Space Operations Squadron,~150,Satellite Control Network tracking dishes and radomes,"Key northeast tracking station providing telemetry, tracking, and commanding for DoD satellite constellations."
Space Force,Maui Space Surveillance Complex,Maui,Hawaii,20.708333,-156.257500,SPACECOM,SpOC,15th Space Surveillance Squadron,~100,3.67m Advanced Electro-Optical System (AEOS) optical telescope; Maui Space Surveillance System,"Deep space optical tracking, satellite identification, and space domain awareness observatory at Haleakala."
Navy,Naval Support Facility Redzikowo (Aegis Ashore),Redzikowo,Poland,54.478889,17.108056,EUCOM,NAVEUR,Aegis Ashore Missile Defense System,~300,SM-3 interceptors; SPY-1 radar,NATO ballistic missile defense site (Navy-operated).
Navy,Naval Support Facility Deveselu (Aegis Ashore),Deveselu,Romania,44.066944,24.417222,EUCOM,NAVEUR,Aegis Ashore Missile Defense System,~200,SM-3 interceptors; SPY-1 radar,NATO ballistic missile defense site (Navy-operated).
Navy,Naval Support Facility Diego Garcia,Diego Garcia,British Indian Ocean Territory,-7.313333,72.411111,INDOPACOM / CENTCOM,Navy / AFGSC,Navy Support Facility; bomber and MPS support,~500 US mil,Bomber Task Force rotations; P-8A; prepositioning ships,Critical Indian Ocean strategic hub.
Navy,Naval Station Norfolk,Norfolk,Virginia,36.946111,-76.301389,NORTHCOM / Fleet Forces,USFF,US Fleet Forces Command; Naval Air Force Atlantic; carrier and surface groups,"~46,000 mil",Nimitz/Ford-class CVN homeport; DDG-51; CG-47; LHD/LHA; MH-60R/S,World's largest naval station.
Navy,Naval Air Station Oceana,Virginia Beach,Virginia,36.820833,-75.983333,NORTHCOM,USFF,Strike Fighter Wing Atlantic,"~10,000",F/A-18E/F Super Hornet; EA-18G Growler (Whidbey det.),Master jet base for East Coast strike fighters.
Navy,Naval Station Mayport,Jacksonville,Florida,30.395833,-81.428333,NORTHCOM / SOUTHCOM,USFF,Surface squadrons; 4th Fleet support,"~15,000",DDG-51; LCS Freedom-variant; LHA/LHD; MH-60R/S,Second-largest East Coast fleet concentration.
Navy,Naval Submarine Base New London,Groton,Connecticut,41.399167,-72.091111,NORTHCOM / STRATCOM,USFF,Submarine Group 2; Submarine Squadrons 4 and 12,"~11,000",Virginia-class and Los Angeles-class SSN,Home of the Submarine Force.
Navy,Naval Submarine Base Kings Bay,St. Marys,Georgia,30.798889,-81.528889,STRATCOM,USFF,Submarine Group 10; Strategic Weapons Facility Atlantic,"~9,000",Ohio-class SSBN; Trident II D5 SLBM,Atlantic ballistic missile submarine base.
Navy,Naval Air Station Jacksonville,Jacksonville,Florida,30.235833,-81.680556,NORTHCOM,USFF,Patrol and Reconnaissance Wing 11,"~20,000",P-8A Poseidon; MH-60R,East Coast maritime patrol hub.
Navy,Naval Station Newport,Newport,Rhode Island,41.533611,-71.326389,NORTHCOM,USFF,Naval War College; Surface Warfare Schools,"~7,000",Training and test craft,Primarily education and undersea warfare research.
Navy,Naval Weapons Station Yorktown,Yorktown,Virginia,37.218889,-76.511111,NORTHCOM,USFF,Ordnance loading; EOD units,"~2,500",Fleet ordnance,Munitions handling for the Atlantic Fleet.
Navy,Naval Weapons Station Earle,Colts Neck,New Jersey,40.280556,-74.148889,NORTHCOM,USFF,Ordnance handling,"~1,000",Ammunition ships / pier loading,East Coast strategic ordnance pier.
Navy,Naval Air Station Patuxent River,Lexington Park,Maryland,38.285833,-76.411667,NORTHCOM,NAVAIR,Naval Air Warfare Center Aircraft Division; USNTPS,"~22,000",F-35B/C; F/A-18; E-2D; test fleet,Naval aviation test and evaluation center.
Navy,Naval Air Station Key West,Key West,Florida,24.575833,-81.688889,NORTHCOM / SOUTHCOM,USFF,Fighter Squadron Composite 111 (VFC-111),"~3,000",F-5N/F Tiger II adversary aircraft,Adversary air training and Caribbean surveillance.
Navy,Naval Support Activity Panama City,Panama City,Florida,30.176389,-85.741667,NORTHCOM,USFF,Naval Surface Warfare Center; EOD/Diving,"~2,000",Mine warfare and unmanned undersea systems,Littoral and mine warfare R&D.
Navy,Naval Air Station Whiting Field,Milton,Florida,30.724444,-87.022222,NORTHCOM,CNATRA,Training Air Wing 5,"~4,000",T-6B Texan II; TH-73A Thrasher,Primary and rotary-wing flight training.
Navy,Naval Air Station Pensacola,Pensacola,Florida,30.352778,-87.317500,NORTHCOM,CNATRA,Naval Aviation Schools Command; Blue Angels,"~16,000",T-6B; F/A-18 (Blue Angels),Cradle of naval aviation.
Navy,Naval Base San Diego,San Diego,California,32.684722,-117.126389,INDOPACOM,PACFLT,Naval Surface Force Pacific; multiple destroyer squadrons,"~35,000 mil",DDG-51; CG-47; LPD-17; LHA/LHD; LCS Independence-variant,Principal Pacific Fleet surface homeport.
Navy,Naval Air Station North Island (JB Coronado),Coronado,California,32.699167,-117.215278,INDOPACOM,PACFLT,Naval Air Force Pacific; Naval Special Warfare Command,"~30,000 (joint base)",Nimitz-class CVN; MH-60R/S; E-2D Hawkeye; C-2A,Also home to Naval Special Warfare (SEAL teams).
Navy,Naval Air Station Lemoore,Lemoore,California,36.333333,-119.951944,INDOPACOM,PACFLT,Strike Fighter Wing Pacific,"~9,000",F/A-18E/F Super Hornet; F-35C Lightning II,Only West Coast master jet base; largest F-35C concentration.
Navy,Naval Air Station Whidbey Island,Oak Harbor,Washington,48.351667,-122.655833,INDOPACOM,PACFLT,Electronic Attack Wing Pacific; Patrol and Reconnaissance Wing 10,"~10,000",EA-18G Growler; P-8A Poseidon; EP-3 (retired),All Navy electronic attack squadrons are based here.
Navy,Naval Base Kitsap (Bangor/Bremerton),Silverdale,Washington,47.721667,-122.728889,STRATCOM / INDOPACOM,PACFLT,Submarine Group 9; Strategic Weapons Facility Pacific,"~13,000",Ohio-class SSBN and SSGN; Virginia-class SSN; CVN drydock,Pacific ballistic missile submarine base.
Navy,Naval Station Everett,Everett,Washington,47.981944,-122.219722,INDOPACOM,PACFLT,Destroyer Squadron 9,"~6,000",DDG-51 Arleigh Burke-class,Modern deep-draft surface homeport.
Navy,Naval Base Point Loma,San Diego,California,32.700833,-117.243889,INDOPACOM,PACFLT,Submarine Squadron 11,"~5,000",Los Angeles / Virginia-class SSN,West Coast attack submarine homeport.
Navy,Naval Air Station Fallon,Fallon,Nevada,39.416667,-118.700833,INDOPACOM,PACFLT,Naval Aviation Warfighting Development Center (TOPGUN),"~1,500",F/A-18E/F; F-16 adversary; E-2D; MH-60,Navy strike and air superiority training center.
Navy,Naval Air Weapons Station China Lake,Ridgecrest,California,35.688333,-117.691944,NORTHCOM,NAVAIR,Naval Air Warfare Center Weapons Division,"~4,500",Weapons test and evaluation range,Primary Navy weapons development range.
Navy,Naval Base Ventura County (Point Mugu / Port Hueneme),Oxnard,California,34.120000,-119.120000,INDOPACOM,PACFLT,Naval Construction Battalions (Seabees); VX-30,"~19,000",MQ-4C Triton; E-2D; test range aircraft,Sea range and Seabee homeport.
Navy,Joint Base Pearl Harbor-Hickam (Navy),Honolulu,Hawaii,21.350000,-157.940000,INDOPACOM,PACFLT,US Pacific Fleet HQ; Submarine Force Pacific; Destroyer Squadron 31,"~28,000 (joint base)",Virginia/Los Angeles-class SSN; DDG-51; P-8A; MH-60R,Pacific Fleet headquarters.
Navy,Naval Base Guam (Apra Harbor),Santa Rita,Guam,13.443056,144.654444,INDOPACOM,PACFLT,Submarine Squadron 15; Task Force 75,"~7,000",Los Angeles/Virginia-class SSN; submarine tenders,Forward Western Pacific submarine base.
Navy,Naval Station Rota,Rota,Spain,36.645000,-6.348611,EUCOM,NAVEUR,Destroyer Squadron 60 forward-deployed ships,"~4,000",DDG-51 with Aegis BMD (4 ships); P-8A rotations,European Phased Adaptive Approach missile defense.
Navy,Naval Support Activity Naples,Naples,Italy,40.880556,14.288889,EUCOM / AFRICOM,NAVEUR-NAVAF,US Sixth Fleet; Naval Forces Europe-Africa HQ,"~5,000",Command ship USS Mount Whitney (Gaeta),Naval component HQ for Europe and Africa.
Navy,Naval Air Station Sigonella,Sicily,Italy,37.401667,14.921944,EUCOM / AFRICOM,NAVEUR-NAVAF,Task Force 67; Maritime patrol detachments,"~4,000",P-8A Poseidon; MQ-4C Triton; MQ-9A,Mediterranean ISR and maritime patrol hub.
Navy,Naval Support Activity Souda Bay,Crete,Greece,35.531667,24.149722,EUCOM,NAVEUR-NAVAF,Logistics and port support,"~1,000",Transient aircraft; deep-water port,Key eastern Mediterranean logistics node.
Navy,Fleet Activities Yokosuka,Yokosuka,Japan,35.292778,139.667500,INDOPACOM,PACFLT,US Seventh Fleet; Task Force 70; Destroyer Squadron 15,"~20,000",Forward-deployed CVN (USS George Washington); CG-47; DDG-51,Only forward-deployed US carrier homeport.
Navy,Fleet Activities Sasebo,Sasebo,Japan,33.164444,129.715556,INDOPACOM,PACFLT,Amphibious Force 7th Fleet; Task Force 76,"~5,000",LHA America-class; LPD/LSD; MCM support,Forward-deployed amphibious ready group.
Navy,Naval Air Facility Atsugi,Ayase,Japan,35.454722,139.450278,INDOPACOM,PACFLT,Helicopter Maritime Strike squadrons,"~4,000",MH-60R/S,Fixed-wing CVW-5 moved to MCAS Iwakuni in 2018.
Navy,Naval Air Facility Misawa,Misawa,Japan,40.703333,141.368333,INDOPACOM,PACFLT,Patrol and reconnaissance detachments,"~1,000",P-8A Poseidon rotations,Northern Japan maritime patrol node.
Navy,Fleet Activities Chinhae,Changwon,South Korea,35.143889,128.660833,INDOPACOM,PACFLT,Commander Naval Forces Korea,~500,Port support; MCM support,Only US naval base in South Korea.
Navy,Naval Support Activity Bahrain,Manama,Bahrain,26.213889,50.608056,CENTCOM,NAVCENT,US Fifth Fleet; Task Force 55; Task Force 59,"~9,000",MCM/patrol craft; unmanned surface vessels; MH-60S,Fifth Fleet headquarters and unmanned systems task force.
Navy,Camp Lemonnier,Djibouti City,Djibouti,11.545833,43.149722,AFRICOM,NAVAF / CJTF-HOA,Combined Joint Task Force-Horn of Africa,"~4,000",P-8A; MQ-9A (via Chabelley); rotorcraft,Only enduring US base in Africa.
Navy,Naval Station Guantanamo Bay,Guantanamo Bay,Cuba,19.905556,-75.161111,SOUTHCOM,USFF,Joint Task Force Guantanamo,"~6,000",Port and airfield support,Oldest overseas US naval base.
Navy,Naval Air Station Corpus Christi,Corpus Christi,Texas,27.692778,-97.288889,NORTHCOM,CNATRA,Training Air Wing 4,"~6,000",T-6B Texan II,Multi-engine and primary flight training.
Navy,Naval Air Station Kingsville,Kingsville,Texas,27.507500,-97.809722,NORTHCOM,CNATRA,Training Air Wing 2,"~2,500",T-45C Goshawk,Strike aviation advanced training.
Navy,Naval Air Station Meridian,Meridian,Mississippi,32.551944,-88.555556,NORTHCOM,CNATRA,Training Air Wing 1,"~3,000",T-45C Goshawk,Strike aviation training.
Navy,Naval Air Station Joint Reserve Base Fort Worth,Fort Worth,Texas,32.778889,-97.441944,NORTHCOM,Reserve,301st Fighter Wing (AFRC); VFA-204 (Navy Reserve); VMFA-112 (USMC Reserve),"~10,000",F-16C; F/A-18 Hornet; F-5N,Multi-service reserve air base.
Navy,Naval Air Station Joint Reserve Base New Orleans,Belle Chasse,Louisiana,29.824167,-90.035278,NORTHCOM,Reserve,159th Fighter Wing (ANG); Navy/Marine Reserve squadrons,"~4,000",F-15C/D; HH-60,Gulf Coast reserve air complex.
Navy,Portsmouth Naval Shipyard,Kittery,Maine,43.080556,-70.741667,NORTHCOM,NAVSEA,Submarine overhaul,"~7,000",SSN maintenance,Nuclear attack submarine depot maintenance.
Navy,Puget Sound Naval Shipyard,Bremerton,Washington,47.560000,-122.628056,INDOPACOM,NAVSEA,Carrier and submarine overhaul,"~14,000",CVN and SSN/SSBN maintenance,Only West Coast full-service nuclear shipyard.
Navy,Norfolk Naval Shipyard,Portsmouth,Virginia,36.818889,-76.299722,NORTHCOM,NAVSEA,Carrier and submarine overhaul,"~11,000",CVN and SSN maintenance,Oldest US naval shipyard.
Navy,Pearl Harbor Naval Shipyard,Honolulu,Hawaii,21.361111,-157.958056,INDOPACOM,NAVSEA,Submarine overhaul,"~6,000",SSN maintenance,Only full-service shipyard in the Pacific theater.
Navy,Naval Station Great Lakes,North Chicago,Illinois,42.308333,-87.848889,NORTHCOM,NETC,Recruit Training Command (RTC); Training Support Center,"~25,000",USS Trayer (BST-21) battle stations simulator; naval technical classrooms,"The US Navy's only boot camp; transforms ~40,000 civilians into enlisted sailors annually."
Navy,Washington Navy Yard,Washington,D.C.,38.874444,-76.995000,NORTHCOM,CNIC,Chief of Naval Operations HQ; Naval Sea Systems Command (NAVSEA) HQ; Naval History & Heritage Command,"~16,000",Naval systems program executive offices; ceremonial facilities,The oldest shore establishment of the US Navy; ceremonial gateway and naval engineering acquisition HQ.
Navy,Naval Support Activity Bethesda,Bethesda,Maryland,39.001667,-77.095000,NORTHCOM,CNIC,Walter Reed National Military Medical Center; Uniformed Services University of the Health Sciences,"~15,000",Flagship military medical center; high-level surgical and trauma suites,Premier joint military medical center; provides specialized tertiary healthcare to service members and leadership.
Navy,Naval Support Activity Monterey,Monterey,California,36.598611,-121.874444,NORTHCOM,CNIC,Naval Postgraduate School; Fleet Numerical Meteorology and Oceanography Center,"~3,500",Defense graduate research laboratories; global ocean and atmospheric models,Graduate education center of excellence for naval officers and international defense allies.
Navy,Naval Support Activity Annapolis (USNA),Annapolis,Maryland,38.981667,-76.484444,NORTHCOM,CNIC,United States Naval Academy; Brigade of Midshipmen,"~7,000",Yard Patrol craft (YP); offshore sailing fleet; naval engineering laboratories,Undergraduate officer academy for the US Navy and Marine Corps (est. 1845).
Navy,Naval Support Activity Charleston (Goose Creek),Goose Creek,South Carolina,32.990278,-79.951389,NORTHCOM,NETC,Naval Nuclear Power Training Command (NNPTC); Nuclear Power Training Unit (NPTU),"~8,000",Moored Training Ships (MTS operational nuclear submarine reactors),Provides all nuclear propulsion plant operator and officer training for the US submarine and CVN fleet.
Marine Corps,Marine Corps Base Camp Pendleton,Oceanside,California,33.308889,-117.391667,INDOPACOM,I MEF,1st Marine Division; 1st Marine Logistics Group; I MEF HQ,"~40,000",M1A1 Abrams (divested); AAV/ACV; M777; HIMARS,Largest West Coast Marine base.
Marine Corps,Marine Corps Base Camp Lejeune,Jacksonville,North Carolina,34.693889,-77.348889,NORTHCOM / CENTCOM,II MEF,2nd Marine Division; 2nd MLG; II MEF HQ; MARSOC (Stone Bay),"~45,000",ACV; M777; HIMARS; LAV-25,Largest East Coast Marine base.
Marine Corps,Marine Corps Air Station Cherry Point,Havelock,North Carolina,34.900833,-76.880833,NORTHCOM,2nd MAW,2nd Marine Aircraft Wing HQ,"~9,000",F-35B/C; AV-8B Harrier II (sunsetting); KC-130J; MV-22B,East Coast Marine fixed-wing hub.
Marine Corps,Marine Corps Air Station New River,Jacksonville,North Carolina,34.708333,-77.439444,NORTHCOM,2nd MAW,Marine Aircraft Group 26 and 29,"~6,000",MV-22B Osprey; CH-53E/K Super Stallion; UH-1Y; AH-1Z,Primary East Coast assault support base.
Marine Corps,Marine Corps Air Station Miramar,San Diego,California,32.868333,-117.142500,INDOPACOM,3rd MAW,3rd Marine Aircraft Wing HQ,"~12,000",F-35C; F/A-18C/D; MV-22B; CH-53E; KC-130J,West Coast Marine aviation hub.
Marine Corps,Marine Corps Air Station Yuma,Yuma,Arizona,32.656667,-114.606111,NORTHCOM,3rd MAW,MAWTS-1; Marine Aircraft Group 13,"~7,000",F-35B Lightning II; adversary F-5N; MQ-9A,Marine aviation weapons and tactics school.
Marine Corps,Marine Corps Air Station Camp Pendleton,Oceanside,California,33.294167,-117.355000,INDOPACOM,3rd MAW,Marine Aircraft Group 39,"~3,000",AH-1Z Viper; UH-1Y Venom; MV-22B,Rotary-wing assault support.
Marine Corps,Marine Corps Air Station Beaufort,Beaufort,South Carolina,32.477500,-80.723056,NORTHCOM,2nd MAW,Marine Aircraft Group 31; VMFAT-501,"~6,000",F-35B Lightning II; F/A-18C/D (sunsetting),F-35B training and operational squadrons.
Marine Corps,Marine Corps Air Ground Combat Center Twentynine Palms,Twentynine Palms,California,34.236944,-116.056944,NORTHCOM,TECOM / I MEF,7th Marine Regiment; MAGTF Training Command,"~12,000",Combined arms live-fire range complex,Largest Marine Corps training installation.
Marine Corps,Marine Corps Base Quantico,Quantico,Virginia,38.521944,-77.342778,NORTHCOM,HQMC,Marine Corps Combat Development Command; HMX-1,"~12,000",VH-92A Patriot; MV-22B (HMX-1),Presidential helicopter squadron; doctrine center.
Marine Corps,Marine Corps Base Hawaii,Kaneohe Bay,Hawaii,21.448056,-157.768611,INDOPACOM,III MEF,3rd Marine Littoral Regiment,"~9,000",MV-22B; KC-130J; NMESIS anti-ship missile system,"First Marine Littoral Regiment, built for Pacific sea denial."
Marine Corps,Marine Corps Base Camp Butler (Okinawa),Okinawa,Japan,26.298056,127.794444,INDOPACOM,III MEF,III Marine Expeditionary Force HQ; 3rd Marine Division,"~18,000",Ground combat element; 12th Marine Littoral Regiment,Umbrella command for Okinawa camps.
Marine Corps,Marine Corps Air Station Futenma,Ginowan,Japan,26.274444,127.756111,INDOPACOM,1st MAW,Marine Aircraft Group 36,"~3,000",MV-22B Osprey; CH-53E; UH-1Y; AH-1Z,Relocation to Camp Schwab/Henoko in progress.
Marine Corps,Camp Schwab,Nago,Japan,26.523889,128.043333,INDOPACOM,III MEF,4th Marine Regiment,"~3,000",Infantry; jungle training,Site of the Futenma Replacement Facility.
Marine Corps,Camp Hansen,Kin,Japan,26.458056,127.925556,INDOPACOM,III MEF,12th Marine Littoral Regiment elements,"~6,000",Infantry; NMESIS,Central Okinawa training and maneuver.
Marine Corps,Camp Courtney / Camp Foster,Okinawa,Japan,26.390000,127.863889,INDOPACOM,III MEF,III MEF and 3rd Marine Division HQ elements,"~10,000",Command and support,Principal III MEF headquarters area.
Marine Corps,Marine Corps Air Station Iwakuni,Iwakuni,Japan,34.143889,132.235556,INDOPACOM,1st MAW,Marine Aircraft Group 12; Carrier Air Wing 5 (Navy),"~10,000",F-35B; F/A-18E/F (Navy); EA-18G; E-2D; MV-22B; KC-130J,Only base hosting a forward-deployed Navy carrier air wing.
Marine Corps,Camp Fuji / Combined Arms Training Center,Shizuoka,Japan,35.309444,138.868333,INDOPACOM,III MEF,Rotational training units,<500,Live-fire training,Mainland Japan Marine training site.
Marine Corps,Marine Corps Base Camp Blaz,Dededo,Guam,13.568889,144.839444,INDOPACOM,III MEF,Marine Corps Base Guam,"~1,300 (growing to ~5,000)",Ground combat element (bedding down),New base absorbing Marines relocating from Okinawa.
Marine Corps,Marine Rotational Force - Darwin,Darwin,Australia,-12.418056,130.871944,INDOPACOM,III MEF,"Rotational MAGTF (~2,000 seasonal)","~2,000 (seasonal)",MV-22B; HIMARS; infantry battalion,Six-month annual rotational deployment.
Marine Corps,Marine Corps Base Camp Lejeune (Stone Bay Complex),Jacksonville,North Carolina,34.580278,-77.410278,SOCOM,MARSOC,Marine Raider Regiment,"~3,000",Special operations,Marine Corps component of USSOCOM.
Marine Corps,Blount Island Command,Jacksonville,Florida,30.390000,-81.548889,TRANSCOM,MARFORCOM,Maritime Prepositioning Force support,"~1,000",Prepositioning ship maintenance,Sustains Maritime Prepositioning Squadrons.
Marine Corps,Camp H.M. Smith,Aiea (Oahu),Hawaii,21.385556,-157.904444,INDOPACOM,MARFORPAC,USINDOPACOM HQ; Marine Forces Pacific HQ,"~2,500",Joint Theater Command and Control Systems,Headquarters of United States Indo-Pacific Command and Marine Forces Pacific.
Marine Corps,Marine Corps Recruit Depot Parris Island,Parris Island,South Carolina,32.336111,-80.693889,NORTHCOM,TECOM,Recruit Training Regiment; 4th Marine Corps District,"~7,000",Marine Corps basic training obstacle courses and firing ranges,Initial entry training depot for all enlisted Marines recruited east of the Mississippi River.
Marine Corps,Marine Corps Recruit Depot San Diego,San Diego,California,32.741667,-117.195833,NORTHCOM,TECOM,Recruit Training Regiment; Western Recruiting Region,"~7,000",Marine Corps basic training infrastructure and firing ranges,Initial entry training depot for all enlisted Marines recruited west of the Mississippi River.
Marine Corps,Marine Corps Mountain Warfare Training Center,Bridgeport,California,38.358889,-119.516111,NORTHCOM,TECOM,Mountain Warfare Training Battalion,~600,High-altitude live-fire training areas; pack animal and cold-weather survival gear,"Premier military training center for high-altitude, mountainous, and extreme cold-weather warfare."
Marine Corps,Marine Barracks Washington (8th & I),Washington,D.C.,38.880556,-76.995000,NORTHCOM,HQMC,USMC Silent Drill Platoon; The President's Own US Marine Band; Marine Corps Color Guard,"~1,200",Presidential security and ceremonial protocol systems,Oldest active post in the Marine Corps (est. 1801); official residence of the Commandant of the Marine Corps.
Marine Corps,Marine Corps Logistics Base Albany,Albany,Georgia,31.564444,-84.053889,NORTHCOM,LOGCOM,Marine Depot Maintenance Command; Logistics Operations Center,"~3,500",Heavy vehicle rebuild lines; automated warehouse robotics,"East Coast depot-level rebuild, maintenance, and logistics distribution facility for Marine Corps vehicles."
Marine Corps,Marine Corps Logistics Base Barstow,Barstow,California,34.883333,-116.958333,NORTHCOM,LOGCOM,Production Plant Barstow; Yermo Annex,"~2,500",Desert vehicle preservation facilities; heavy railhead staging,"West Coast depot-level rebuild, modification, and long-term storage facility for heavy ground combat gear."
Coast Guard,USCG Base Alameda,Alameda,California,37.781667,-122.253056,NORTHCOM / INDOPACOM,PACAREA,Pacific Area HQ; National Security Cutters,"~3,000",Legend-class NSC (WMSL),Pacific Area command and cutter homeport.
Coast Guard,USCG Base Portsmouth,Portsmouth,Virginia,36.828889,-76.326944,NORTHCOM,LANTAREA,Atlantic Area HQ; cutter fleet,"~2,500",Legend-class NSC; Famous-class WMEC,Atlantic Area command.
Coast Guard,USCG Base Charleston,Charleston,South Carolina,32.781944,-79.924444,NORTHCOM / SOUTHCOM,LANTAREA,National Security Cutter homeport,"~1,500",Legend-class NSC (WMSL),Southeast cutter operations.
Coast Guard,USCG Base Kodiak,Kodiak,Alaska,57.747222,-152.508056,NORTHCOM / INDOPACOM,PACAREA / D17,Air Station Kodiak; cutter support,"~1,600",HC-130J; MH-60T Jayhawk; WMEC/WMSL,Largest Coast Guard base.
Coast Guard,USCG Base Honolulu,Honolulu,Hawaii,21.309444,-157.876111,INDOPACOM,PACAREA / D14,District 14; cutter fleet,"~1,200",Legend-class NSC; MH-65E,Central Pacific enforcement.
Coast Guard,USCG Base Miami Beach,Miami Beach,Florida,25.772500,-80.146667,SOUTHCOM,LANTAREA / D7,District 7; migrant and counterdrug ops,"~1,500",MH-65E; Fast Response Cutters,Busiest operational district.
Coast Guard,USCG Air Station Clearwater,Clearwater,Florida,27.910833,-82.687500,SOUTHCOM / NORTHCOM,LANTAREA,Largest Coast Guard air station,~600,HC-130J Hercules; MH-60T Jayhawk,Caribbean and Gulf response.
Coast Guard,USCG Air Station Elizabeth City,Elizabeth City,North Carolina,36.260556,-76.175000,NORTHCOM,LANTAREA,Aviation Technical Training Center,~900,HC-130J; MH-60T; HC-144 Ocean Sentry,Aviation logistics and training center.
Coast Guard,USCG Base Seattle,Seattle,Washington,47.589722,-122.341111,NORTHCOM / INDOPACOM,PACAREA / D13,District 13; Polar Security Cutter homeport,"~1,500",Polar-class icebreakers (Polar Star); NSC,Only US heavy icebreaker homeport.
Coast Guard,USCG Base Boston,Boston,Massachusetts,42.368889,-71.050556,NORTHCOM,LANTAREA / D1,District 1,"~1,000",Famous-class WMEC; Fast Response Cutters,Northeast fisheries and SAR.
Coast Guard,USCG Base Los Angeles-Long Beach,San Pedro,California,33.725833,-118.272500,NORTHCOM,PACAREA / D11,District 11 operations,"~1,000",MH-65E; Fast Response Cutters,Largest US port complex security.
Coast Guard,Patrol Forces Southwest Asia (PATFORSWA),Manama,Bahrain,26.213889,50.608056,CENTCOM,LANTAREA / NAVCENT,PATFORSWA,~350,Sentinel-class Fast Response Cutters (6),Only permanent overseas Coast Guard combat unit.
Coast Guard,USCG Base Guam / Sector Guam,Santa Rita,Guam,13.443056,144.654444,INDOPACOM,PACAREA / D14,Sector Guam,~300,Fast Response Cutters (3),Western Pacific presence.
Coast Guard,USCG Air Station Barbers Point,Kapolei,Hawaii,21.306944,-158.070000,INDOPACOM,PACAREA,Air Station Barbers Point,~350,HC-130J; MH-65E,Central Pacific long-range SAR.
Coast Guard,USCG Air Station Sacramento,Sacramento,California,38.666944,-121.400000,NORTHCOM,PACAREA,Air Station Sacramento,~250,HC-27J Spartan,Medium-range surveillance.
ANG,104th Fighter Wing (ANG),"Barnes ANGB, Westfield",Massachusetts,42.158056,-72.716111,NORTHCOM,ANG / ACC,104th Fighter Wing,"~1,200",F-15EX Eagle II (converting from F-15C),Northeast air sovereignty alert.
ANG,158th Fighter Wing (ANG),Burlington ANGB,Vermont,44.471944,-73.153333,NORTHCOM,ANG / ACC,158th Fighter Wing,"~1,000",F-35A Lightning II,First ANG F-35A wing.
ANG,177th Fighter Wing (ANG),Atlantic City ANGB,New Jersey,39.457500,-74.577222,NORTHCOM,ANG / ACC,177th Fighter Wing,"~1,100",F-16C Fighting Falcon,Northeast alert commitment.
ANG,113th Wing (ANG),"Joint Base Andrews, Camp Springs",Maryland,38.810833,-76.866944,NORTHCOM,ANG / ACC,113th Wing (Capital Guardians),"~1,300",F-16C Fighting Falcon,National Capital Region air defense.
ANG,175th Wing (ANG),"Warfield ANGB, Middle River",Maryland,39.325556,-76.413889,NORTHCOM / CYBERCOM,ANG,175th Wing,"~1,500",A-10C divested; cyber operations mission,Converted to cyber and intelligence mission.
ANG,192nd Wing (ANG),Joint Base Langley-Eustis,Virginia,37.082778,-76.360556,NORTHCOM,ANG / ACC,192nd Wing (associate to 1st FW),"~1,200",F-22A Raptor (associate),Classic associate with active-duty F-22 wing.
ANG,169th Fighter Wing (ANG),"McEntire JNGB, Eastover",South Carolina,33.921667,-80.800833,NORTHCOM,ANG / ACC,169th Fighter Wing,"~1,200",F-16C Fighting Falcon,Swamp Fox.
ANG,125th Fighter Wing (ANG),Jacksonville ANGB,Florida,30.494167,-81.687778,NORTHCOM,ANG / ACC,125th Fighter Wing,"~1,100",F-35A (converting from F-15C),Southeast air sovereignty alert.
ANG,187th Fighter Wing (ANG),"Dannelly Field, Montgomery",Alabama,32.300556,-86.393889,NORTHCOM,ANG / ACC,187th Fighter Wing,"~1,000",F-35A (converting from F-16C),Red Tails lineage.
ANG,159th Fighter Wing (ANG),NAS JRB New Orleans,Louisiana,29.824167,-90.035278,NORTHCOM,ANG / ACC,159th Fighter Wing,"~1,000",F-15C/D Eagle,Gulf Coast alert.
ANG,138th Fighter Wing (ANG),Tulsa ANGB,Oklahoma,36.198333,-95.888056,NORTHCOM,ANG / ACC,138th Fighter Wing,"~1,000",F-16C Fighting Falcon,Combat-coded F-16 wing.
ANG,149th Fighter Wing (ANG),"JBSA-Lackland, San Antonio",Texas,29.384167,-98.618611,NORTHCOM,ANG / AETC,149th Fighter Wing,"~1,000",F-16C (formal training unit),F-16 pilot training.
ANG,147th Attack Wing (ANG),"Ellington Field, Houston",Texas,29.607222,-95.158889,NORTHCOM,ANG / ACC,147th Attack Wing,"~1,000",MQ-9A Reaper,Remotely piloted strike and ISR.
ANG,162nd Wing (ANG),"Morris ANGB, Tucson",Arizona,32.116111,-110.941111,NORTHCOM,ANG / AETC,162nd Wing,"~1,700",F-16C (international training),Largest ANG fighter wing; trains partner nations.
ANG,144th Fighter Wing (ANG),Fresno ANGB,California,36.776111,-119.718056,NORTHCOM,ANG / ACC,144th Fighter Wing,"~1,100",F-15EX Eagle II (converting from F-15C),West Coast air sovereignty alert.
ANG,142nd Wing (ANG),Portland ANGB,Oregon,45.588611,-122.597500,NORTHCOM,ANG / ACC,142nd Wing,"~1,200",F-15EX Eagle II (converting from F-15C),Pacific Northwest alert.
ANG,173rd Fighter Wing (ANG),"Kingsley Field, Klamath Falls",Oregon,42.156111,-121.733056,NORTHCOM,ANG / AETC,173rd Fighter Wing,"~1,000",F-15C/D (formal training unit),Sole F-15C pilot training base.
ANG,124th Fighter Wing (ANG),"Gowen Field, Boise",Idaho,43.564444,-116.222778,NORTHCOM,ANG / ACC,124th Fighter Wing,"~1,200",A-10C Thunderbolt II,One of the last A-10 units.
ANG,140th Wing (ANG),"Buckley SFB, Aurora",Colorado,39.701667,-104.751667,NORTHCOM,ANG / ACC,140th Wing,"~1,300",F-16C Fighting Falcon,Rocky Mountain alert.
ANG,148th Fighter Wing (ANG),Duluth ANGB,Minnesota,46.842222,-92.193611,NORTHCOM,ANG / ACC,148th Fighter Wing,"~1,000",F-16C Fighting Falcon,Northern tier alert.
ANG,115th Fighter Wing (ANG),"Truax Field, Madison",Wisconsin,43.139722,-89.337500,NORTHCOM,ANG / ACC,115th Fighter Wing,"~1,200",F-35A Lightning II,Converted from F-16C in 2023.
ANG,122nd Fighter Wing (ANG),Fort Wayne ANGB,Indiana,40.978333,-85.195000,NORTHCOM,ANG / ACC,122nd Fighter Wing,"~1,100",F-16C Fighting Falcon,Blacksnakes.
ANG,180th Fighter Wing (ANG),Toledo ANGB,Ohio,41.586944,-83.807778,NORTHCOM,ANG / ACC,180th Fighter Wing,"~1,100",F-16C Fighting Falcon,Great Lakes alert.
ANG,111th Attack Wing (ANG),Horsham AGS,Pennsylvania,40.199722,-75.148889,NORTHCOM,ANG / ACC,111th Attack Wing,~900,MQ-9A Reaper,Converted from A-10C.
ANG,174th Attack Wing (ANG),"Hancock Field, Syracuse",New York,43.111111,-76.106389,NORTHCOM,ANG / ACC,174th Attack Wing,"~1,000",MQ-9A Reaper,MQ-9 formal training unit.
ANG,107th Attack Wing (ANG),Niagara Falls ARS,New York,43.107222,-78.946111,NORTHCOM,ANG / ACC,107th Attack Wing,~900,MQ-9A Reaper,Co-located with 914th ARW.
ANG,132nd Wing (ANG),Des Moines ANGB,Iowa,41.533889,-93.663056,NORTHCOM,ANG / ACC,132nd Wing,"~1,000",MQ-9A Reaper; intelligence group,Converted from F-16C.
ANG,178th Wing (ANG),Springfield-Beckley ANGB,Ohio,39.840000,-83.840000,NORTHCOM,ANG / ACC,178th Wing,"~1,000",MQ-9A Reaper; ISR group,Remote split operations.
ANG,116th Air Control Wing (ANG),Robins AFB,Georgia,32.613056,-83.591944,NORTHCOM,ANG / ACC,116th Air Control Wing,"~1,300",E-11A BACN (post-JSTARS),Transitioned after JSTARS divestment.
ANG,154th Wing (ANG),JB Pearl Harbor-Hickam,Hawaii,21.318611,-157.949722,INDOPACOM,ANG / PACAF,154th Wing,"~2,300",F-22A (associate); C-17A; KC-135R; HH-60,Largest ANG wing; multiple weapon systems.
ANG,176th Wing (ANG),JB Elmendorf-Richardson,Alaska,61.250833,-149.806944,INDOPACOM / NORTHCOM,ANG / PACAF,176th Wing,"~2,000",C-17A; HC-130J; HH-60G; 210th/211th/212th Rescue Squadrons,Alaska rescue coordination center.
ANG,168th Wing (ANG),Eielson AFB,Alaska,64.665556,-147.101389,INDOPACOM,ANG / PACAF,168th Wing,"~1,000",KC-135R Stratotanker,Arctic air refueling.
ANG,156th Wing (ANG),"Muniz ANGB, Carolina",Puerto Rico,18.439444,-65.991667,SOUTHCOM / NORTHCOM,ANG / AMC,156th Wing,"~1,100",C-130J (converting),Caribbean airlift and counterdrug support.
ANG,141st Air Refueling Wing (ANG),Fairchild AFB,Washington,47.615000,-117.655833,NORTHCOM,ANG / AMC,141st ARW,"~1,000",KC-135R Stratotanker,Associate to 92nd ARW.
ANG,157th Air Refueling Wing (ANG),"Pease ANGB, Portsmouth",New Hampshire,43.078056,-70.823333,NORTHCOM,ANG / AMC,157th ARW,"~1,100",KC-46A Pegasus,First ANG KC-46A wing.
ANG,121st Air Refueling Wing (ANG),"Rickenbacker ANGB, Columbus",Ohio,39.813889,-82.927778,NORTHCOM,ANG / AMC,121st ARW,"~1,300",KC-135R Stratotanker,Largest KC-135 wing in the ANG.
ANG,128th Air Refueling Wing (ANG),"General Mitchell IAP, Milwaukee",Wisconsin,42.947222,-87.896667,NORTHCOM,ANG / AMC,128th ARW,"~1,000",KC-135R Stratotanker,Midwest tanker support.
ANG,134th Air Refueling Wing (ANG),"McGhee Tyson ANGB, Knoxville",Tennessee,35.811111,-83.993889,NORTHCOM,ANG / AMC,134th ARW,"~1,100",KC-135R Stratotanker,Co-located with I.G. Brown Training Center.
ANG,155th Air Refueling Wing (ANG),Lincoln ANGB,Nebraska,40.850833,-96.759167,NORTHCOM,ANG / AMC,155th ARW,"~1,000",KC-135R Stratotanker,Central US tanker base.
ANG,101st Air Refueling Wing (ANG),Bangor ANGB,Maine,44.807500,-68.828056,NORTHCOM,ANG / AMC,101st ARW,~900,KC-135R Stratotanker,Northeast tanker bridge to Europe.
ANG,117th Air Refueling Wing (ANG),"Sumpter Smith JNGB, Birmingham",Alabama,33.563889,-86.753611,NORTHCOM,ANG / AMC,117th ARW,"~1,100",KC-135R Stratotanker,Southeast tanker support.
ANG,161st Air Refueling Wing (ANG),"Goldwater ANGB, Phoenix",Arizona,33.434167,-112.011667,NORTHCOM,ANG / AMC,161st ARW,~900,KC-135R Stratotanker,Southwest tanker support.
ANG,171st Air Refueling Wing (ANG),Pittsburgh IAP ARS,Pennsylvania,40.491389,-80.232778,NORTHCOM,ANG / AMC,171st ARW,"~1,300",KC-135R Stratotanker,Large East Coast tanker wing.
ANG,185th Air Refueling Wing (ANG),"Sioux Gateway, Sioux City",Iowa,42.403611,-96.384444,NORTHCOM,ANG / AMC,185th ARW,"~1,000",KC-135R Stratotanker,Converted from F-16C.
ANG,186th Air Refueling Wing (ANG),"Key Field, Meridian",Mississippi,32.333056,-88.751944,NORTHCOM,ANG / AMC,186th ARW,~900,KC-135R Stratotanker,Also hosts ISR mission.
ANG,126th Air Refueling Wing (ANG),Scott AFB,Illinois,38.545278,-89.835278,NORTHCOM,ANG / AMC,126th ARW,"~1,000",KC-135R Stratotanker,Associate at Scott AFB.
ANG,190th Air Refueling Wing (ANG),"Forbes Field, Topeka",Kansas,38.950833,-95.663611,NORTHCOM,ANG / AMC,190th ARW,"~1,000",KC-135R Stratotanker,Central plains tanker wing.
ANG,108th Wing (ANG),JB McGuire-Dix-Lakehurst,New Jersey,40.033056,-74.593611,NORTHCOM,ANG / AMC,108th Wing,"~1,300",KC-46A Pegasus (converting from KC-135R),East Coast air bridge.
ANG,120th Airlift Wing (ANG),Great Falls IAP,Montana,47.481944,-111.370556,NORTHCOM,ANG / AMC,120th Airlift Wing,"~1,000",C-130H Hercules,Converted from F-15C.
ANG,152nd Airlift Wing (ANG),Reno-Tahoe IAP,Nevada,39.499167,-119.768056,NORTHCOM,ANG / AMC,152nd Airlift Wing,"~1,100",C-130H (MAFFS firefighting capable),Modular Airborne Fire Fighting System unit.
ANG,146th Airlift Wing (ANG),"Channel Islands ANGS, Port Hueneme",California,34.145833,-119.117222,NORTHCOM,ANG / AMC,146th Airlift Wing,"~1,100",C-130J (MAFFS capable),Wildfire suppression and airlift.
ANG,153rd Airlift Wing (ANG),Cheyenne Regional Airport,Wyoming,41.155833,-104.811944,NORTHCOM,ANG / AMC,153rd Airlift Wing,"~1,000",C-130H (MAFFS capable),Airlift and firefighting.
ANG,145th Airlift Wing (ANG),Charlotte-Douglas IAP,North Carolina,35.213889,-80.943056,NORTHCOM,ANG / AMC,145th Airlift Wing,"~1,300",C-17A Globemaster III,Converted from C-130H.
ANG,109th Airlift Wing (ANG),"Stratton ANGB, Scotia",New York,42.853056,-73.929722,NORTHCOM / INDOPACOM,ANG / AMC,109th Airlift Wing,"~1,200",LC-130H Skibird,Only ski-equipped airlift in the US military; polar operations.
ANG,106th Rescue Wing (ANG),"F.S. Gabreski ANGB, Westhampton Beach",New York,40.843611,-72.631667,NORTHCOM,ANG / ACC,106th Rescue Wing,"~1,100",HC-130J; HH-60G/W,Atlantic long-range rescue.
ANG,129th Rescue Wing (ANG),Moffett Air National Guard Base,California,37.416111,-122.049167,NORTHCOM,ANG / ACC,129th Rescue Wing,"~1,100",HC-130J; HH-60G/W,Pacific long-range rescue.
AF Reserve,442nd Fighter Wing (AFRC),Whiteman AFB,Missouri,38.730278,-93.547778,NORTHCOM,AFRC / ACC,442nd Fighter Wing,"~1,300",A-10C Thunderbolt II,Combat-coded Reserve attack wing.
AF Reserve,419th Fighter Wing (AFRC),Hill AFB,Utah,41.123889,-111.973056,NORTHCOM,AFRC / ACC,419th Fighter Wing,"~1,300",F-35A Lightning II (associate),Reserve associate to the 388th FW.
AF Reserve,301st Fighter Wing (AFRC),NAS JRB Fort Worth,Texas,32.778889,-97.441944,NORTHCOM,AFRC / ACC,301st Fighter Wing,"~1,400",F-16C Fighting Falcon,Combat-coded Reserve fighter wing.
AF Reserve,924th Fighter Group (AFRC),Davis-Monthan AFB,Arizona,32.166944,-110.883056,NORTHCOM,AFRC / ACC,924th Fighter Group,~800,A-10C Thunderbolt II,Reserve associate to the 355th Wing.
AF Reserve,307th Bomb Wing (AFRC),Barksdale AFB,Louisiana,32.501944,-93.662778,STRATCOM,AFRC / AFGSC,307th Bomb Wing,"~1,300",B-52H Stratofortress,Only Reserve bomb wing.
AF Reserve,920th Rescue Wing (AFRC),Patrick SFB,Florida,28.235000,-80.610000,NORTHCOM,AFRC / ACC,920th Rescue Wing,"~1,700",HC-130J; HH-60G/W,Supports space launch and Atlantic rescue.
AF Reserve,919th Special Operations Wing (AFRC),"Duke Field, Eglin",Florida,30.653333,-86.523889,SOCOM,AFRC / AFSOC,919th Special Operations Wing,"~1,300",MQ-9A; C-146A Wolfhound,Reserve special operations aviation.
AF Reserve,452nd Air Mobility Wing (AFRC),"March ARB, Riverside",California,33.898889,-117.259722,NORTHCOM,AFRC / AMC,452nd AMW,"~4,000",C-17A; KC-135R,Largest Air Force Reserve wing.
AF Reserve,439th Airlift Wing (AFRC),"Westover ARB, Chicopee",Massachusetts,42.193889,-72.534722,NORTHCOM,AFRC / AMC,439th Airlift Wing,"~2,000",C-5M Super Galaxy,Largest Reserve base by area.
AF Reserve,433rd Airlift Wing (AFRC),JBSA-Lackland,Texas,29.384167,-98.618611,NORTHCOM,AFRC / AMC,433rd Airlift Wing,"~2,000",C-5M Super Galaxy,Alamo Wing.
AF Reserve,910th Airlift Wing (AFRC),Youngstown ARS,Ohio,41.260556,-80.679167,NORTHCOM,AFRC / AMC,910th Airlift Wing,"~1,600",C-130H (aerial spray mission),Only DoD fixed-wing aerial spray unit.
AF Reserve,302nd Airlift Wing (AFRC),Peterson SFB,Colorado,38.824722,-104.700278,NORTHCOM,AFRC / AMC,302nd Airlift Wing,"~1,200",C-130H (MAFFS capable),Firefighting and airlift.
AF Reserve,934th Airlift Wing (AFRC),Minneapolis-St. Paul ARS,Minnesota,44.880556,-93.218889,NORTHCOM,AFRC / AMC,934th Airlift Wing,"~1,300",C-130H Hercules,Upper Midwest airlift.
AF Reserve,916th Air Refueling Wing (AFRC),Seymour Johnson AFB,North Carolina,35.339444,-77.960556,NORTHCOM,AFRC / AMC,916th ARW,"~1,300",KC-46A Pegasus,Reserve KC-46A wing.
AF Reserve,927th Air Refueling Wing (AFRC),MacDill AFB,Florida,27.849444,-82.521111,NORTHCOM,AFRC / AMC,927th ARW,"~1,200",KC-135R Stratotanker,Associate to the 6th ARW.
AF Reserve,940th Air Refueling Wing (AFRC),Beale AFB,California,39.136111,-121.436667,NORTHCOM,AFRC / AMC,940th ARW,"~1,000",KC-135R Stratotanker,Associate at Beale.
AF Reserve,434th Air Refueling Wing (AFRC),"Grissom ARB, Peru",Indiana,40.648056,-86.152222,NORTHCOM,AFRC / AMC,434th ARW,"~1,800",KC-135R Stratotanker,Largest Reserve tanker wing.
AF Reserve,507th Air Refueling Wing (AFRC),Tinker AFB,Oklahoma,35.414722,-97.386389,NORTHCOM,AFRC / AMC,507th ARW,"~1,200",KC-135R Stratotanker,Reserve associate at Tinker.
AF Reserve,914th Air Refueling Wing (AFRC),Niagara Falls ARS,New York,43.107222,-78.946111,NORTHCOM,AFRC / AMC,914th ARW,"~1,200",KC-135R Stratotanker,Converted from C-130H.
AF Reserve,445th Airlift Wing (AFRC),Wright-Patterson AFB,Ohio,39.826111,-84.048333,NORTHCOM,AFRC / AMC,445th Airlift Wing,"~1,500",C-17A Globemaster III,Strategic airlift.
AF Reserve,315th Airlift Wing (AFRC),JB Charleston,South Carolina,32.898611,-80.040556,NORTHCOM,AFRC / AMC,315th Airlift Wing,"~2,000",C-17A Globemaster III,Associate to the 437th AW.
AF Reserve,512th Airlift Wing (AFRC),Dover AFB,Delaware,39.129444,-75.466111,NORTHCOM,AFRC / AMC,512th Airlift Wing,"~1,500",C-5M; C-17A,Associate to the 436th AW.
AF Reserve,349th Air Mobility Wing (AFRC),Travis AFB,California,38.262778,-121.927222,NORTHCOM,AFRC / AMC,349th AMW,"~3,000",C-5M; C-17A; KC-46A,Largest associate wing.
AF Reserve,446th Airlift Wing (AFRC),JB Lewis-McChord,Washington,47.137778,-122.476389,NORTHCOM / INDOPACOM,AFRC / AMC,446th Airlift Wing,"~2,000",C-17A Globemaster III,Associate to the 62nd AW.
AF Reserve,931st Air Refueling Wing (AFRC),McConnell AFB,Kansas,37.625833,-97.269444,NORTHCOM,AFRC / AMC,931st ARW,"~1,000",KC-46A Pegasus,Associate to the 22nd ARW.
AF Reserve,908th Airlift Wing (AFRC),Maxwell AFB,Alabama,32.383056,-86.366389,NORTHCOM,AFRC / AFGSC,908th Flying Training Wing,"~1,200",MH-139A Grey Wolf (training),Converted from C-130H to MH-139 training.
